-- --------------------------------------------------------
-- Хост:                         127.0.0.1
-- Версия сервера:               5.7.19 - MySQL Community Server (GPL)
-- Операционная система:         Win64
-- HeidiSQL Версия:              9.4.0.5125
-- --------------------------------------------------------

/*!40101 SET @OLD_CHARACTER_SET_CLIENT=@@CHARACTER_SET_CLIENT */;
/*!40101 SET NAMES utf8 */;
/*!50503 SET NAMES utf8mb4 */;
/*!40014 SET @OLD_FOREIGN_KEY_CHECKS=@@FOREIGN_KEY_CHECKS, FOREIGN_KEY_CHECKS=0 */;
/*!40101 SET @OLD_SQL_MODE=@@SQL_MODE, SQL_MODE='NO_AUTO_VALUE_ON_ZERO' */;


-- Дамп структуры базы данных carsell
CREATE DATABASE IF NOT EXISTS `carsell` /*!40100 DEFAULT CHARACTER SET utf8 */;
USE `carsell`;

-- Дамп структуры для таблица carsell.migrations
CREATE TABLE IF NOT EXISTS `migrations` (
  `id` int(10) unsigned NOT NULL AUTO_INCREMENT,
  `migration` varchar(255) COLLATE utf8mb4_unicode_ci NOT NULL,
  `batch` int(11) NOT NULL,
  PRIMARY KEY (`id`)
) ENGINE=InnoDB AUTO_INCREMENT=4 DEFAULT CHARSET=utf8mb4 COLLATE=utf8mb4_unicode_ci;

-- Дамп данных таблицы carsell.migrations: ~2 rows (приблизительно)
/*!40000 ALTER TABLE `migrations` DISABLE KEYS */;
REPLACE INTO `migrations` (`id`, `migration`, `batch`) VALUES
	(1, '2014_10_12_000000_create_users_table', 1),
	(2, '2014_10_12_100000_create_password_resets_table', 1),
	(3, '2019_08_25_145034_regions', 2);
/*!40000 ALTER TABLE `migrations` ENABLE KEYS */;

-- Дамп структуры для таблица carsell.password_resets
CREATE TABLE IF NOT EXISTS `password_resets` (
  `email` varchar(255) COLLATE utf8mb4_unicode_ci NOT NULL,
  `token` varchar(255) COLLATE utf8mb4_unicode_ci NOT NULL,
  `created_at` timestamp NULL DEFAULT NULL,
  KEY `password_resets_email_index` (`email`)
) ENGINE=InnoDB DEFAULT CHARSET=utf8mb4 COLLATE=utf8mb4_unicode_ci;

-- Дамп данных таблицы carsell.password_resets: ~0 rows (приблизительно)
/*!40000 ALTER TABLE `password_resets` DISABLE KEYS */;
/*!40000 ALTER TABLE `password_resets` ENABLE KEYS */;

-- Дамп структуры для таблица carsell.Regions
CREATE TABLE IF NOT EXISTS `Regions` (
  `id` bigint(20) unsigned NOT NULL AUTO_INCREMENT,
  `name` varchar(255) COLLATE utf8mb4_unicode_ci NOT NULL,
  PRIMARY KEY (`id`)
) ENGINE=InnoDB AUTO_INCREMENT=29 DEFAULT CHARSET=utf8mb4 COLLATE=utf8mb4_unicode_ci;

-- Дамп данных таблицы carsell.Regions: ~28 rows (приблизительно)
/*!40000 ALTER TABLE `Regions` DISABLE KEYS */;
REPLACE INTO `Regions` (`id`, `name`) VALUES
	(1, 'АР Крым'),
	(2, 'Винницкая область'),
	(3, 'Волынская область'),
	(4, 'Днепропетровская область'),
	(5, 'Донецкая область'),
	(6, 'Житомирская область'),
	(7, 'Закарпатская область'),
	(8, 'Запорожская область'),
	(9, 'Ивано-Франковская область'),
	(10, 'Киев'),
	(11, 'Киевская область'),
	(12, 'Кировоградская область'),
	(13, 'Луганская область'),
	(14, 'Львовская область'),
	(15, 'Николаевская область'),
	(16, 'Одесская область'),
	(17, 'Полтавская область'),
	(18, 'Ровенская область'),
	(19, 'Севастополь'),
	(20, 'Сумская область'),
	(21, 'Тернопольская область'),
	(23, 'Харьковская область'),
	(24, 'Херсонская область'),
	(25, 'Хмельницкая область'),
	(26, 'Черкасская область'),
	(27, 'Черниговская область'),
	(28, 'Черновицкая область');
/*!40000 ALTER TABLE `Regions` ENABLE KEYS */;

-- Дамп структуры для таблица carsell.Regions2
CREATE TABLE IF NOT EXISTS `Regions2` (
  `id` smallint(6) NOT NULL AUTO_INCREMENT,
  `name` char(50) NOT NULL DEFAULT '0',
  KEY `id` (`id`)
) ENGINE=InnoDB AUTO_INCREMENT=28 DEFAULT CHARSET=utf8;

-- Дамп данных таблицы carsell.Regions2: ~27 rows (приблизительно)
/*!40000 ALTER TABLE `Regions2` DISABLE KEYS */;
REPLACE INTO `Regions2` (`id`, `name`) VALUES
	(1, 'АР Крым'),
	(2, 'Винницкая область'),
	(3, 'Волынская область'),
	(4, 'Днепропетровская область'),
	(5, 'Донецкая область'),
	(6, 'Житомирская область'),
	(7, 'Закарпатская область'),
	(8, 'Запорожская область'),
	(9, 'Ивано-Франковская область'),
	(10, 'Киев'),
	(11, 'Киевская область'),
	(12, 'Кировоградская область'),
	(13, 'Луганская область'),
	(14, 'Львовская область'),
	(15, 'Николаевская область'),
	(16, 'Одесская область'),
	(17, 'Полтавская область'),
	(18, 'Ровенская область'),
	(19, 'Севастополь'),
	(20, 'Сумская область'),
	(21, 'Тернопольская область'),
	(22, 'Харьковская область'),
	(23, 'Херсонская область'),
	(24, 'Хмельницкая область'),
	(25, 'Черкасская область'),
	(26, 'Черниговская область'),
	(27, 'Черновицкая область');
/*!40000 ALTER TABLE `Regions2` ENABLE KEYS */;

-- Дамп структуры для таблица carsell.Towns
CREATE TABLE IF NOT EXISTS `Towns` (
  `id` smallint(3) unsigned NOT NULL AUTO_INCREMENT,
  `name` char(50) NOT NULL,
  `region` smallint(2) unsigned NOT NULL,
  PRIMARY KEY (`id`)
) ENGINE=InnoDB AUTO_INCREMENT=428 DEFAULT CHARSET=utf8;

-- Дамп данных таблицы carsell.Towns: ~0 rows (приблизительно)
/*!40000 ALTER TABLE `Towns` DISABLE KEYS */;
REPLACE INTO `Towns` (`id`, `name`, `region`) VALUES
	(1, 'Бар', 2),
	(2, 'Бершадь', 2),
	(3, 'Винница', 2),
	(4, 'Гайсин', 2),
	(5, 'Гнивань', 2),
	(6, 'Жмеринка', 2),
	(7, 'Ильинцы', 2),
	(8, 'Казатин', 2),
	(9, 'Калиновка', 2),
	(10, 'Ладыжин', 2),
	(11, 'Могилёв-Подольский', 2),
	(12, 'Немиров', 2),
	(13, 'Погребище', 2),
	(14, 'Тульчин', 2),
	(15, 'Хмельник', 2),
	(16, 'Шаргород', 2),
	(17, 'Ямполь', 2),
	(18, 'Берестечко', 3),
	(19, 'Владимир-Волынский', 3),
	(20, 'Горохов', 3),
	(21, 'Камень-Каширский', 3),
	(22, 'Киверцы', 3),
	(23, 'Ковель', 3),
	(24, 'Луцк', 3),
	(25, 'Любомль', 3),
	(26, 'Нововолынск', 3),
	(27, 'Рожище', 3),
	(28, 'Устилуг', 3),
	(29, 'Апостолово', 4),
	(30, 'Верхнеднепровск', 4),
	(31, 'Верховцево', 4),
	(32, 'Вольногорск', 4),
	(33, 'Днепр', 4),
	(34, 'Жёлтые Воды', 4),
	(35, 'Зеленодольск', 4),
	(36, 'Каменское', 4),
	(37, 'Кривой Рог', 4),
	(38, 'Марганец', 4),
	(39, 'Никополь', 4),
	(40, 'Новомосковск', 4),
	(41, 'Павлоград', 4),
	(42, 'Перещепино', 4),
	(43, 'Першотравенск', 4),
	(44, 'Подгородное', 4),
	(45, 'Покров', 4),
	(46, 'Пятихатки', 4),
	(47, 'Синельниково', 4),
	(48, 'Терновка', 4),
	(49, 'Авдеевка', 5),
	(50, 'Амвросиевка', 5),
	(51, 'Бахмут', 5),
	(52, 'Белицкое', 5),
	(53, 'Белозёрское', 5),
	(54, 'Волноваха', 5),
	(55, 'Горловка', 5),
	(56, 'Горняк', 5),
	(57, 'Дебальцево', 5),
	(58, 'Доброполье', 5),
	(59, 'Докучаевск', 5),
	(60, 'Донецк', 5),
	(61, 'Дружковка', 5),
	(62, 'Енакиево', 5),
	(63, 'Ждановка', 5),
	(64, 'Железное', 5),
	(65, 'Зугрэс', 5),
	(66, 'Иловайск', 5),
	(67, 'Кировское', 5),
	(68, 'Константиновка', 5),
	(69, 'Краматорск', 5),
	(70, 'Лиман', 5),
	(71, 'Мариуполь', 5),
	(72, 'Макеевка', 5),
	(73, 'Мирноград (Димитров)', 5),
	(74, 'Новоазовск', 5),
	(75, 'Новогродовка', 5),
	(76, 'Покровск', 5),
	(77, 'Селидово', 5),
	(78, 'Славянск', 5),
	(79, 'Снежное', 5),
	(80, 'Соледар', 5),
	(81, 'Торез', 5),
	(82, 'Торецк', 5),
	(83, 'Угледар', 5),
	(84, 'Харцызск', 5),
	(85, 'Шахтёрск', 5),
	(86, 'Ясиноватая', 5),
	(87, 'Андрушёвка', 6),
	(88, 'Барановка', 6),
	(89, 'Бердичев', 6),
	(90, 'Житомир', 6),
	(91, 'Коростень', 6),
	(92, 'Коростышев', 6),
	(93, 'Малин', 6),
	(94, 'Новоград-Волынский', 6),
	(95, 'Овруч', 6),
	(96, 'Радомышль', 6),
	(97, 'Берегово', 7),
	(98, 'Виноградов', 7),
	(99, 'Иршава', 7),
	(100, 'Мукачево', 7),
	(101, 'Перечин', 7),
	(102, 'Рахов', 7),
	(103, 'Свалява', 7),
	(104, 'Тячев', 7),
	(105, 'Ужгород', 7),
	(106, 'Хуст', 7),
	(107, 'Чоп', 7),
	(108, 'Бердянск', 8),
	(109, 'Васильевка', 8),
	(110, 'Вольнянск', 8),
	(111, 'Гуляйполе', 8),
	(112, 'Днепрорудное', 8),
	(113, 'Запорожье', 8),
	(114, 'Каменка-Днепровская', 8),
	(115, 'Мелитополь', 8),
	(116, 'Молочанск', 8),
	(117, 'Орехов', 8),
	(118, 'Пологи', 8),
	(119, 'Приморск', 8),
	(120, 'Токмак', 8),
	(121, 'Энергодар', 8),
	(122, 'Болехов', 9),
	(123, 'Бурштын', 9),
	(124, 'Галич', 9),
	(125, 'Городенка', 9),
	(126, 'Долина', 9),
	(127, 'Ивано-Франковск', 9),
	(128, 'Калуш', 9),
	(129, 'Коломыя', 9),
	(130, 'Косов', 9),
	(131, 'Надворная', 9),
	(132, 'Рогатин', 9),
	(133, 'Снятын', 9),
	(134, 'Тысменица', 9),
	(135, 'Тлумач', 9),
	(136, 'Яремче', 9),
	(137, 'Белая Церковь', 11),
	(138, 'Березань', 11),
	(139, 'Богуслав', 11),
	(140, 'Борисполь', 11),
	(141, 'Боярка', 11),
	(142, 'Бровары', 11),
	(143, 'Буча', 11),
	(144, 'Васильков', 11),
	(145, 'Вишнёвое', 11),
	(146, 'Вышгород', 11),
	(147, 'Ирпень', 11),
	(148, 'Кагарлык', 11),
	(149, 'Мироновка', 11),
	(150, 'Обухов', 11),
	(151, 'Переяслав-Хмельницкий', 11),
	(152, 'Припять', 11),
	(153, 'Ржищев', 11),
	(154, 'Сквира', 11),
	(155, 'Славутич', 11),
	(156, 'Тараща', 11),
	(157, 'Тетиев', 11),
	(158, 'Узин', 11),
	(159, 'Украинка', 11),
	(160, 'Фастов', 11),
	(161, 'Чернобыль', 11),
	(162, 'Яготин', 11),
	(163, 'Александрия', 12),
	(164, 'Бобринец', 12),
	(165, 'Гайворон', 12),
	(166, 'Долинская', 12),
	(167, 'Знаменка', 12),
	(168, 'Кропивницкий', 12),
	(169, 'Малая Виска', 12),
	(170, 'Новомиргород', 12),
	(171, 'Новоукраинка', 12),
	(172, 'Светловодск', 12),
	(173, 'Александровск', 13),
	(174, 'Алмазная', 13),
	(175, 'Алчевск', 13),
	(176, 'Антрацит', 13),
	(177, 'Артёмовск (Кипучее)', 13),
	(178, 'Брянка', 13),
	(179, 'Вахрушево', 13),
	(180, 'Горное', 13),
	(181, 'Зимогорье', 13),
	(182, 'Золотое', 13),
	(183, 'Зоринск', 13),
	(184, 'Ирмино', 13),
	(185, 'Кировск (Голубовка)', 13),
	(186, 'Краснодон', 13),
	(187, 'Краснопартизанск', 13),
	(188, 'Красный Луч (Хрустальный)', 13),
	(189, 'Лисичанск', 13),
	(190, 'Луганск', 13),
	(191, 'Лутугино', 13),
	(192, 'Миусинск', 13),
	(193, 'Молодогвардейск', 13),
	(194, 'Новодружеск', 13),
	(195, 'Новопсков', 13),
	(196, 'Первомайск', 13),
	(197, 'Перевальск', 13),
	(198, 'Петровское', 13),
	(199, 'Попасная', 13),
	(200, 'Приволье', 13),
	(201, 'Ровеньки', 13),
	(202, 'Рубежное', 13),
	(203, 'Сватово', 13),
	(204, 'Свердловск', 13),
	(205, 'Северодонецк', 13),
	(206, 'Старобельск', 13),
	(207, 'Стаханов (Кадиевка)', 13),
	(208, 'Суходольск', 13),
	(209, 'Счастье', 13),
	(210, 'Червонопартизанск (Вознесеновка)', 13),
	(211, 'Белз', 14),
	(212, 'Бобрка', 14),
	(213, 'Борислав', 14),
	(214, 'Броды', 14),
	(215, 'Буск', 14),
	(216, 'Великие Мосты', 14),
	(217, 'Винники', 14),
	(218, 'Глиняны', 14),
	(219, 'Городок', 14),
	(220, 'Добромиль', 14),
	(221, 'Дрогобыч', 14),
	(222, 'Дубляны', 14),
	(223, 'Жидачов', 14),
	(224, 'Жолква', 14),
	(225, 'Золочев', 14),
	(226, 'Каменка-Бугская', 14),
	(227, 'Львов', 14),
	(228, 'Мостиска', 14),
	(229, 'Николаев', 14),
	(230, 'Новый Роздол', 14),
	(231, 'Перемышляны', 14),
	(232, 'Пустомыты', 14),
	(233, 'Рава-Русская', 14),
	(234, 'Радехов', 14),
	(235, 'Рудки', 14),
	(236, 'Самбор', 14),
	(237, 'Сколе', 14),
	(238, 'Сокаль', 14),
	(239, 'Старый Самбор', 14),
	(240, 'Стрый', 14),
	(241, 'Трускавец', 14),
	(242, 'Угнев', 14),
	(243, 'Хыров', 14),
	(244, 'Червоноград', 14),
	(245, 'Яворов', 14),
	(246, 'Баштанка', 15),
	(247, 'Вознесенск', 15),
	(248, 'Николаев', 15),
	(249, 'Новая Одесса', 15),
	(250, 'Новый Буг', 15),
	(251, 'Очаков', 15),
	(252, 'Первомайск', 15),
	(253, 'Снигирёвка', 15),
	(254, 'Южноукраинск', 15),
	(255, 'Ананьев', 16),
	(256, 'Арциз', 16),
	(257, 'Балта', 16),
	(258, 'Белгород-Днестровский', 16),
	(259, 'Беляевка', 16),
	(260, 'Березо́вка', 16),
	(261, 'Болград', 16),
	(262, 'Вилково', 16),
	(263, 'Измаил', 16),
	(264, 'Килия', 16),
	(265, 'Кодыма', 16),
	(266, 'Одесса', 16),
	(267, 'Подольск', 16),
	(268, 'Раздельная', 16),
	(269, 'Татарбунары', 16),
	(270, 'Теплодар', 16),
	(271, 'Черноморск', 16),
	(272, 'Южное', 16),
	(273, 'Гадяч', 17),
	(274, 'Глобино', 17),
	(275, 'Горишние Плавни', 17),
	(276, 'Гребёнка', 17),
	(277, 'Заводское', 17),
	(278, 'Зеньков', 17),
	(279, 'Карловка', 17),
	(280, 'Кобеляки', 17),
	(281, 'Кременчуг', 17),
	(282, 'Лохвица', 17),
	(283, 'Лубны', 17),
	(284, 'Миргород', 17),
	(285, 'Пирятин', 17),
	(286, 'Полтава', 17),
	(287, 'Хорол', 17),
	(288, 'Березно', 18),
	(289, 'Вараш (Кузнецовск)', 18),
	(290, 'Дубно', 18),
	(291, 'Дубровица', 18),
	(292, 'Здолбунов', 18),
	(293, 'Корец', 18),
	(294, 'Костополь', 18),
	(295, 'Острог', 18),
	(296, 'Радивилов', 18),
	(297, 'Ровно', 18),
	(298, 'Сарны', 18),
	(299, 'Ахтырка', 20),
	(300, 'Белополье', 20),
	(301, 'Бурынь', 20),
	(302, 'Ворожба', 20),
	(303, 'Глухов', 20),
	(304, 'Дружба', 20),
	(305, 'Конотоп', 20),
	(306, 'Кролевец', 20),
	(307, 'Лебедин', 20),
	(308, 'Путивль', 20),
	(309, 'Ромны', 20),
	(310, 'Середина-Буда', 20),
	(311, 'Сумы', 20),
	(312, 'Тростянец', 20),
	(313, 'Шостка', 20),
	(314, 'Бережаны', 21),
	(315, 'Борщёв', 21),
	(316, 'Бучач', 21),
	(317, 'Залещики', 21),
	(318, 'Збараж', 21),
	(319, 'Зборов', 21),
	(320, 'Кременец', 21),
	(321, 'Лановцы', 21),
	(322, 'Монастыриска', 21),
	(323, 'Подволочиск', 21),
	(324, 'Подгайцы', 21),
	(325, 'Почаев', 21),
	(326, 'Скалат', 21),
	(327, 'Тернополь', 21),
	(328, 'Теребовля', 21),
	(329, 'Чортков', 21),
	(330, 'Шумск', 21),
	(331, 'Балаклея', 23),
	(332, 'Барвенково', 23),
	(333, 'Богодухов', 23),
	(334, 'Валки', 23),
	(335, 'Волчанск', 23),
	(336, 'Дергачи', 23),
	(337, 'Змиёв', 23),
	(338, 'Изюм', 23),
	(339, 'Красноград', 23),
	(340, 'Купянск', 23),
	(341, 'Лозовая', 23),
	(342, 'Люботин', 23),
	(343, 'Мерефа', 23),
	(344, 'Первомайский', 23),
	(345, 'Харьков', 23),
	(346, 'Чугуев', 23),
	(347, 'Алёшки', 24),
	(348, 'Берислав', 24),
	(349, 'Геническ', 24),
	(350, 'Голая Пристань', 24),
	(351, 'Каховка', 24),
	(352, 'Новая Каховка', 24),
	(353, 'Скадовск', 24),
	(354, 'Таврийск', 24),
	(355, 'Херсон', 24),
	(356, 'Волочиск', 25),
	(357, 'Городок', 25),
	(358, 'Деражня', 25),
	(359, 'Дунаевцы', 25),
	(360, 'Изяслав', 25),
	(361, 'Каменец-Подольский', 25),
	(362, 'Красилов', 25),
	(363, 'Нетешин', 25),
	(364, 'Полонное', 25),
	(365, 'Славута', 25),
	(366, 'Староконстантинов', 25),
	(367, 'Хмельницкий', 25),
	(368, 'Шепетовка', 25),
	(369, 'Ватутино', 26),
	(370, 'Городище', 26),
	(371, 'Жашков', 26),
	(372, 'Звенигородка', 26),
	(373, 'Золотоноша', 26),
	(374, 'Каменка', 26),
	(375, 'Канев', 26),
	(376, 'Корсунь-Шевченковский', 26),
	(377, 'Монастырище', 26),
	(378, 'Смела', 26),
	(379, 'Тальное', 26),
	(380, 'Умань', 26),
	(381, 'Христиновка', 26),
	(382, 'Черкассы', 26),
	(383, 'Чигирин', 26),
	(384, 'Шпола', 26),
	(385, 'Батурин', 27),
	(386, 'Бахмач', 27),
	(387, 'Бобровица', 27),
	(388, 'Борзна', 27),
	(389, 'Городня', 27),
	(390, 'Ичня', 27),
	(391, 'Корюковка', 27),
	(392, 'Мена', 27),
	(393, 'Нежин', 27),
	(394, 'Новгород-Северский', 27),
	(395, 'Носовка', 27),
	(396, 'Прилуки', 27),
	(397, 'Седнев', 27),
	(398, 'Семёновка', 27),
	(399, 'Сновск', 27),
	(400, 'Чернигов', 27),
	(401, 'Вашковцы', 28),
	(402, 'Вижница', 28),
	(403, 'Герца', 28),
	(404, 'Заставна', 28),
	(405, 'Кицмань', 28),
	(406, 'Новоднестровск', 28),
	(407, 'Новоселица', 28),
	(408, 'Сокиряны', 28),
	(409, 'Сторожинец', 28),
	(410, 'Хотин', 28),
	(411, 'Черновцы', 28),
	(412, 'Алупка', 1),
	(413, 'Алушта', 1),
	(414, 'Армянск', 1),
	(415, 'Бахчисарай', 1),
	(416, 'Белогорск', 1),
	(417, 'Джанкой', 1),
	(418, 'Евпатория', 1),
	(419, 'Керчь', 1),
	(420, 'Красноперекопск', 1),
	(421, 'Саки', 1),
	(422, 'Симферополь', 1),
	(423, 'Старый Крым', 1),
	(424, 'Судак', 1),
	(425, 'Феодосия', 1),
	(426, 'Щёлкино', 1),
	(427, 'Ялта', 1);
/*!40000 ALTER TABLE `Towns` ENABLE KEYS */;

-- Дамп структуры для таблица carsell.users
CREATE TABLE IF NOT EXISTS `users` (
  `id` bigint(20) unsigned NOT NULL AUTO_INCREMENT,
  `name` varchar(255) COLLATE utf8mb4_unicode_ci NOT NULL,
  `email` varchar(255) COLLATE utf8mb4_unicode_ci NOT NULL,
  `email_verified_at` timestamp NULL DEFAULT NULL,
  `password` varchar(255) COLLATE utf8mb4_unicode_ci NOT NULL,
  `remember_token` varchar(100) COLLATE utf8mb4_unicode_ci DEFAULT NULL,
  `created_at` timestamp NULL DEFAULT NULL,
  `updated_at` timestamp NULL DEFAULT NULL,
  PRIMARY KEY (`id`),
  UNIQUE KEY `users_email_unique` (`email`)
) ENGINE=InnoDB AUTO_INCREMENT=3 DEFAULT CHARSET=utf8mb4 COLLATE=utf8mb4_unicode_ci;

-- Дамп данных таблицы carsell.users: ~0 rows (приблизительно)
/*!40000 ALTER TABLE `users` DISABLE KEYS */;
REPLACE INTO `users` (`id`, `name`, `email`, `email_verified_at`, `password`, `remember_token`, `created_at`, `updated_at`) VALUES
	(1, 'r', 'r@r.ua', NULL, '$2y$10$nOMlcBJNlP3851IiNl322uhWHGwHV.VKx0I.OnVD6KMhSUOrm/gQK', NULL, '2019-08-18 05:44:34', '2019-08-18 05:44:34'),
	(2, 'a', 'a@a.ua', NULL, '$2y$10$1Sl2C6aQOy5HRoSsSIj3pOxWKPe8Bfv3qbwzdMO8Y5aY2Xb08aIle', NULL, '2019-08-26 10:18:21', '2019-08-26 10:18:21');
/*!40000 ALTER TABLE `users` ENABLE KEYS */;

/*!40101 SET SQL_MODE=IFNULL(@OLD_SQL_MODE, '') */;
/*!40014 SET FOREIGN_KEY_CHECKS=IF(@OLD_FOREIGN_KEY_CHECKS IS NULL, 1, @OLD_FOREIGN_KEY_CHECKS) */;
/*!40101 SET CHARACTER_SET_CLIENT=@OLD_CHARACTER_SET_CLIENT */;
